
CREATE TABLE COMMAND ( ID_COMMAND INTEGER NOT NULL, ID_LOGIN INTEGER NOT NULL REFERENCES USER, STATE INTEGER NOT NULL, DATE_COMMAND TEXT NOT NULL,TABL INTEGER NOT NULL,PRIMARY KEY (ID_COMMAND));

INSERT INTO "COMMAND" VALUES(1,89,0,'11-26-2014',6);
INSERT INTO "COMMAND" VALUES(2,47,0,'02-27-2015',2);
INSERT INTO "COMMAND" VALUES(3,60,0,'05-07-2014',4);
INSERT INTO "COMMAND" VALUES(4,67,0,'03-28-2015',8);
INSERT INTO "COMMAND" VALUES(5,30,0,'01-29-2015',7);
INSERT INTO "COMMAND" VALUES(6,58,0,'03-02-2015',6);
INSERT INTO "COMMAND" VALUES(7,93,0,'12-03-2014',2);
INSERT INTO "COMMAND" VALUES(8,70,0,'06-09-2014',3);
INSERT INTO "COMMAND" VALUES(9,75,0,'08-15-2014',3);
INSERT INTO "COMMAND" VALUES(10,53,0,'09-18-2014',8);
INSERT INTO "COMMAND" VALUES(11,63,0,'09-18-2014',4);
INSERT INTO "COMMAND" VALUES(12,4,0,'07-11-2014',4);
INSERT INTO "COMMAND" VALUES(13,74,0,'08-08-2014',2);
INSERT INTO "COMMAND" VALUES(14,87,0,'10-04-2014',7);
INSERT INTO "COMMAND" VALUES(15,70,0,'06-28-2014',1);
INSERT INTO "COMMAND" VALUES(16,66,0,'10-26-2014',2);
INSERT INTO "COMMAND" VALUES(17,84,0,'09-28-2014',2);
INSERT INTO "COMMAND" VALUES(18,71,0,'06-02-2014',4);
INSERT INTO "COMMAND" VALUES(19,88,0,'08-31-2014',7);
INSERT INTO "COMMAND" VALUES(20,71,0,'08-20-2014',7);
INSERT INTO "COMMAND" VALUES(21,46,0,'01-08-2015',8);
INSERT INTO "COMMAND" VALUES(22,1,0,'05-18-2014',2);
INSERT INTO "COMMAND" VALUES(23,76,0,'02-07-2015',6);
INSERT INTO "COMMAND" VALUES(24,25,0,'09-07-2014',6);
INSERT INTO "COMMAND" VALUES(25,47,0,'04-29-2015',1);
INSERT INTO "COMMAND" VALUES(26,74,0,'01-21-2015',7);
INSERT INTO "COMMAND" VALUES(27,86,0,'08-11-2014',7);
INSERT INTO "COMMAND" VALUES(28,23,0,'07-03-2014',5);
INSERT INTO "COMMAND" VALUES(29,15,0,'10-14-2014',5);
INSERT INTO "COMMAND" VALUES(30,85,0,'08-27-2014',6);
INSERT INTO "COMMAND" VALUES(31,25,0,'04-27-2015',2);
INSERT INTO "COMMAND" VALUES(32,96,0,'12-15-2014',7);
INSERT INTO "COMMAND" VALUES(33,24,0,'06-22-2014',3);
INSERT INTO "COMMAND" VALUES(34,24,0,'08-26-2014',5);
INSERT INTO "COMMAND" VALUES(35,90,0,'12-06-2014',7);
INSERT INTO "COMMAND" VALUES(36,72,0,'02-21-2015',2);
INSERT INTO "COMMAND" VALUES(37,74,0,'09-22-2014',3);
INSERT INTO "COMMAND" VALUES(38,52,0,'11-26-2014',2);
INSERT INTO "COMMAND" VALUES(39,17,0,'07-19-2014',1);
INSERT INTO "COMMAND" VALUES(40,54,0,'05-16-2014',1);
INSERT INTO "COMMAND" VALUES(41,89,0,'06-10-2014',1);
INSERT INTO "COMMAND" VALUES(42,70,0,'04-21-2015',2);
INSERT INTO "COMMAND" VALUES(43,39,0,'07-30-2014',3);
INSERT INTO "COMMAND" VALUES(44,4,0,'06-25-2014',2);
INSERT INTO "COMMAND" VALUES(45,22,0,'09-24-2014',4);
INSERT INTO "COMMAND" VALUES(46,91,0,'06-15-2014',1);
INSERT INTO "COMMAND" VALUES(47,30,0,'02-15-2015',7);
INSERT INTO "COMMAND" VALUES(48,59,0,'08-17-2014',2);
INSERT INTO "COMMAND" VALUES(49,39,0,'02-04-2015',6);
INSERT INTO "COMMAND" VALUES(50,56,0,'04-30-2015',5);
INSERT INTO "COMMAND" VALUES(51,10,0,'11-16-2014',5);
INSERT INTO "COMMAND" VALUES(52,13,0,'03-21-2015',2);
INSERT INTO "COMMAND" VALUES(53,82,0,'01-03-2015',7);
INSERT INTO "COMMAND" VALUES(54,25,0,'06-08-2014',3);
INSERT INTO "COMMAND" VALUES(55,74,0,'11-13-2014',6);
INSERT INTO "COMMAND" VALUES(56,24,0,'06-18-2014',6);
INSERT INTO "COMMAND" VALUES(57,4,0,'09-05-2014',1);
INSERT INTO "COMMAND" VALUES(58,24,0,'04-02-2015',5);
INSERT INTO "COMMAND" VALUES(59,68,0,'12-02-2014',7);
INSERT INTO "COMMAND" VALUES(60,9,0,'12-29-2014',3);
INSERT INTO "COMMAND" VALUES(61,77,0,'12-19-2014',5);
INSERT INTO "COMMAND" VALUES(62,58,0,'06-29-2014',4);
INSERT INTO "COMMAND" VALUES(63,31,0,'01-17-2015',7);
INSERT INTO "COMMAND" VALUES(64,78,0,'04-08-2015',3);
INSERT INTO "COMMAND" VALUES(65,43,0,'03-25-2015',2);
INSERT INTO "COMMAND" VALUES(66,88,0,'01-13-2015',2);
INSERT INTO "COMMAND" VALUES(67,16,0,'02-23-2015',4);
INSERT INTO "COMMAND" VALUES(68,3,0,'05-31-2014',5);
INSERT INTO "COMMAND" VALUES(69,99,0,'06-12-2014',5);
INSERT INTO "COMMAND" VALUES(70,3,0,'12-07-2014',2);
INSERT INTO "COMMAND" VALUES(71,87,0,'03-03-2015',2);
INSERT INTO "COMMAND" VALUES(72,36,0,'08-26-2014',2);
INSERT INTO "COMMAND" VALUES(73,33,0,'05-17-2014',5);
INSERT INTO "COMMAND" VALUES(74,9,0,'06-06-2014',5);
INSERT INTO "COMMAND" VALUES(75,68,0,'02-20-2015',1);
INSERT INTO "COMMAND" VALUES(76,24,0,'03-28-2015',8);
INSERT INTO "COMMAND" VALUES(77,10,0,'01-06-2015',5);
INSERT INTO "COMMAND" VALUES(78,62,0,'08-05-2014',8);
INSERT INTO "COMMAND" VALUES(79,8,0,'05-27-2014',1);
INSERT INTO "COMMAND" VALUES(80,77,0,'03-09-2015',1);
INSERT INTO "COMMAND" VALUES(81,66,0,'07-11-2014',8);
INSERT INTO "COMMAND" VALUES(82,13,0,'11-07-2014',7);
INSERT INTO "COMMAND" VALUES(83,17,0,'12-31-2014',1);
INSERT INTO "COMMAND" VALUES(84,27,0,'11-22-2014',6);
INSERT INTO "COMMAND" VALUES(85,34,0,'06-27-2014',1);
INSERT INTO "COMMAND" VALUES(86,60,0,'06-23-2014',4);
INSERT INTO "COMMAND" VALUES(87,81,0,'03-27-2015',4);
INSERT INTO "COMMAND" VALUES(88,32,0,'10-16-2014',1);
INSERT INTO "COMMAND" VALUES(89,1,0,'02-26-2015',5);
INSERT INTO "COMMAND" VALUES(90,22,0,'08-06-2014',3);
INSERT INTO "COMMAND" VALUES(91,12,0,'12-25-2014',1);
INSERT INTO "COMMAND" VALUES(92,99,0,'07-22-2014',2);
INSERT INTO "COMMAND" VALUES(93,43,0,'04-30-2015',6);
INSERT INTO "COMMAND" VALUES(94,49,0,'12-23-2014',7);
INSERT INTO "COMMAND" VALUES(95,37,0,'05-30-2014',3);
INSERT INTO "COMMAND" VALUES(96,14,0,'07-05-2014',1);
INSERT INTO "COMMAND" VALUES(97,1,0,'09-23-2014',3);
INSERT INTO "COMMAND" VALUES(98,95,0,'08-31-2014',2);
INSERT INTO "COMMAND" VALUES(99,85,0,'04-04-2015',3);
INSERT INTO "COMMAND" VALUES(100,58,0,'04-07-2015',1);

CREATE TABLE LOT ( ID_LOT INTEGER NOT NULL, IDPROD INTEGER NOT NULL REFERENCES PRODUIT,DATELOT TEXT NOT NULL,QTY INTEGER NOT NULL,PRIMARY KEY (ID_LOT));
INSERT INTO "LOT" VALUES(1,23,'11-25-2014',97);
INSERT INTO "LOT" VALUES(2,16,'01-29-2016',172);
INSERT INTO "LOT" VALUES(3,3,'11-17-2015',146);
INSERT INTO "LOT" VALUES(4,26,'09-16-2015',32);
INSERT INTO "LOT" VALUES(5,25,'04-26-2015',7);
INSERT INTO "LOT" VALUES(6,1,'08-12-2014',150);
INSERT INTO "LOT" VALUES(7,30,'11-05-2014',88);
INSERT INTO "LOT" VALUES(8,20,'11-25-2014',108);
INSERT INTO "LOT" VALUES(9,20,'10-28-2014',141);
INSERT INTO "LOT" VALUES(10,11,'04-18-2015',84);
INSERT INTO "LOT" VALUES(11,8,'08-11-2014',39);
INSERT INTO "LOT" VALUES(12,12,'11-10-2014',89);
INSERT INTO "LOT" VALUES(13,7,'07-08-2015',34);
INSERT INTO "LOT" VALUES(14,12,'03-07-2016',92);
INSERT INTO "LOT" VALUES(15,21,'11-02-2014',193);
INSERT INTO "LOT" VALUES(16,2,'07-27-2014',114);
INSERT INTO "LOT" VALUES(17,8,'07-14-2015',188);
INSERT INTO "LOT" VALUES(18,2,'10-19-2015',4);
INSERT INTO "LOT" VALUES(19,14,'12-08-2015',148);
INSERT INTO "LOT" VALUES(20,24,'01-04-2016',154);
INSERT INTO "LOT" VALUES(21,2,'02-27-2015',187);
INSERT INTO "LOT" VALUES(22,3,'08-12-2014',44);
INSERT INTO "LOT" VALUES(23,3,'03-15-2015',188);
INSERT INTO "LOT" VALUES(24,7,'05-02-2015',149);
INSERT INTO "LOT" VALUES(25,21,'04-26-2015',164);
INSERT INTO "LOT" VALUES(26,12,'05-26-2015',118);
INSERT INTO "LOT" VALUES(27,28,'06-15-2014',191);
INSERT INTO "LOT" VALUES(28,27,'06-02-2015',36);
INSERT INTO "LOT" VALUES(29,12,'11-09-2015',4);
INSERT INTO "LOT" VALUES(30,21,'07-25-2015',15);
INSERT INTO "LOT" VALUES(31,26,'10-14-2014',87);
INSERT INTO "LOT" VALUES(32,15,'06-26-2015',80);
INSERT INTO "LOT" VALUES(33,24,'02-27-2016',153);
INSERT INTO "LOT" VALUES(34,2,'01-11-2016',62);
INSERT INTO "LOT" VALUES(35,4,'06-15-2014',48);
INSERT INTO "LOT" VALUES(36,10,'07-16-2015',178);
INSERT INTO "LOT" VALUES(37,2,'08-11-2015',71);
INSERT INTO "LOT" VALUES(38,27,'12-19-2014',14);
INSERT INTO "LOT" VALUES(39,17,'10-12-2014',122);
INSERT INTO "LOT" VALUES(40,4,'09-16-2014',36);
INSERT INTO "LOT" VALUES(41,16,'04-01-2015',66);
INSERT INTO "LOT" VALUES(42,13,'11-23-2015',86);
INSERT INTO "LOT" VALUES(43,27,'01-09-2016',182);
INSERT INTO "LOT" VALUES(44,10,'08-12-2014',97);
INSERT INTO "LOT" VALUES(45,23,'04-10-2015',162);
INSERT INTO "LOT" VALUES(46,16,'07-20-2014',16);
INSERT INTO "LOT" VALUES(47,26,'09-01-2014',22);
INSERT INTO "LOT" VALUES(48,8,'03-30-2016',2);
INSERT INTO "LOT" VALUES(49,26,'11-29-2014',109);
INSERT INTO "LOT" VALUES(50,15,'03-07-2015',18);
INSERT INTO "LOT" VALUES(51,19,'04-05-2015',154);
INSERT INTO "LOT" VALUES(52,13,'11-18-2014',147);
INSERT INTO "LOT" VALUES(53,27,'12-26-2014',81);
INSERT INTO "LOT" VALUES(54,1,'05-13-2015',81);
INSERT INTO "LOT" VALUES(55,9,'02-08-2015',18);
INSERT INTO "LOT" VALUES(56,30,'07-15-2014',158);
INSERT INTO "LOT" VALUES(57,4,'06-13-2015',85);
INSERT INTO "LOT" VALUES(58,16,'05-23-2014',128);
INSERT INTO "LOT" VALUES(59,16,'09-23-2014',10);
INSERT INTO "LOT" VALUES(60,16,'01-31-2015',98);
INSERT INTO "LOT" VALUES(61,16,'04-30-2015',192);
INSERT INTO "LOT" VALUES(62,5,'12-04-2015',123);
INSERT INTO "LOT" VALUES(63,21,'10-03-2015',31);
INSERT INTO "LOT" VALUES(64,20,'11-24-2014',26);
INSERT INTO "LOT" VALUES(65,28,'12-18-2014',105);
INSERT INTO "LOT" VALUES(66,29,'09-14-2015',127);
INSERT INTO "LOT" VALUES(67,10,'05-31-2015',185);
INSERT INTO "LOT" VALUES(68,14,'01-21-2015',69);
INSERT INTO "LOT" VALUES(69,21,'10-20-2014',190);
INSERT INTO "LOT" VALUES(70,23,'06-30-2014',175);
INSERT INTO "LOT" VALUES(71,7,'01-06-2015',90);
INSERT INTO "LOT" VALUES(72,2,'01-26-2015',41);
INSERT INTO "LOT" VALUES(73,24,'04-23-2015',7);
INSERT INTO "LOT" VALUES(74,28,'11-18-2014',49);
INSERT INTO "LOT" VALUES(75,12,'01-24-2016',140);
INSERT INTO "LOT" VALUES(76,1,'12-03-2015',102);
INSERT INTO "LOT" VALUES(77,2,'06-25-2014',116);
INSERT INTO "LOT" VALUES(78,3,'10-07-2015',22);
INSERT INTO "LOT" VALUES(79,26,'11-02-2015',176);
INSERT INTO "LOT" VALUES(80,16,'07-11-2015',80);
INSERT INTO "LOT" VALUES(81,16,'02-08-2016',112);
INSERT INTO "LOT" VALUES(82,27,'02-08-2015',10);
INSERT INTO "LOT" VALUES(83,11,'11-20-2014',148);
INSERT INTO "LOT" VALUES(84,20,'01-03-2015',189);
INSERT INTO "LOT" VALUES(85,1,'06-14-2014',189);
INSERT INTO "LOT" VALUES(86,26,'11-30-2015',89);
INSERT INTO "LOT" VALUES(87,3,'09-24-2014',79);
INSERT INTO "LOT" VALUES(88,7,'06-26-2015',136);
INSERT INTO "LOT" VALUES(89,12,'06-09-2015',50);
INSERT INTO "LOT" VALUES(90,11,'08-31-2014',103);
INSERT INTO "LOT" VALUES(91,22,'09-08-2015',154);
INSERT INTO "LOT" VALUES(92,20,'05-10-2014',17);
INSERT INTO "LOT" VALUES(93,17,'04-20-2016',25);
INSERT INTO "LOT" VALUES(94,14,'11-06-2014',51);
INSERT INTO "LOT" VALUES(95,16,'05-17-2014',29);
INSERT INTO "LOT" VALUES(96,10,'02-19-2015',43);
INSERT INTO "LOT" VALUES(97,17,'09-08-2014',157);
INSERT INTO "LOT" VALUES(98,13,'09-09-2014',158);
INSERT INTO "LOT" VALUES(99,7,'11-22-2015',42);
INSERT INTO "LOT" VALUES(100,22,'10-07-2014',130);

CREATE TABLE PRODUIT (  ID_PROD INTEGER NOT NULL,DESCR INTEGER NOT NULL REFERENCES STRING,NOM_PRODUIT INTEGER NOT NULL REFERENCES STRING UNIQUE,CATEGORY INTEGER NOT NULL REFERENCES STRING, IMAGE TEXT, PRIX REAL NOT NULL,SEUIL INTEGER NOT NULL, PRIMARY KEY (ID_PROD));
INSERT INTO "PRODUIT" VALUES(1,1001,101,1,NULL,0.4,9);
INSERT INTO "PRODUIT" VALUES(2,1002,102,1,NULL,1.2,9);
INSERT INTO "PRODUIT" VALUES(3,1003,103,1,NULL,1.5,3);
INSERT INTO "PRODUIT" VALUES(4,1004,104,2,NULL,1,3);
INSERT INTO "PRODUIT" VALUES(5,1005,105,2,NULL,1,6);
INSERT INTO "PRODUIT" VALUES(6,1006,106,2,NULL,1.2,9);
INSERT INTO "PRODUIT" VALUES(7,1007,107,3,NULL,0,1);
INSERT INTO "PRODUIT" VALUES(8,1008,108,3,NULL,3,7);
INSERT INTO "PRODUIT" VALUES(9,1009,109,3,NULL,3,8);
INSERT INTO "PRODUIT" VALUES(10,1010,110,4,NULL,2,7);
INSERT INTO "PRODUIT" VALUES(11,1011,111,4,NULL,2,6);
INSERT INTO "PRODUIT" VALUES(12,1012,112,4,NULL,2,7);
INSERT INTO "PRODUIT" VALUES(13,1013,113,5,NULL,4,10);
INSERT INTO "PRODUIT" VALUES(14,1014,114,5,NULL,4,10);
INSERT INTO "PRODUIT" VALUES(15,1015,115,5,NULL,4,10);
INSERT INTO "PRODUIT" VALUES(16,1016,116,5,NULL,42,10);
INSERT INTO "PRODUIT" VALUES(17,1017,117,6,NULL,6,5);
INSERT INTO "PRODUIT" VALUES(18,1018,118,6,NULL,6,5);
INSERT INTO "PRODUIT" VALUES(19,1019,119,6,NULL,6,5);
INSERT INTO "PRODUIT" VALUES(20,1020,120,6,NULL,6,5);
INSERT INTO "PRODUIT" VALUES(21,1021,121,7,NULL,4,5);
INSERT INTO "PRODUIT" VALUES(22,1022,122,7,NULL,4,5);
INSERT INTO "PRODUIT" VALUES(23,1023,123,7,NULL,4,5);
INSERT INTO "PRODUIT" VALUES(24,1024,124,7,NULL,4,5);
INSERT INTO "PRODUIT" VALUES(25,1025,125,8,NULL,2,5);
INSERT INTO "PRODUIT" VALUES(26,1026,126,8,NULL,2,5);
INSERT INTO "PRODUIT" VALUES(27,1027,127,8,NULL,2,5);
INSERT INTO "PRODUIT" VALUES(28,1028,128,8,NULL,2,5);
INSERT INTO "PRODUIT" VALUES(29,1029,129,8,NULL,2,6);
INSERT INTO "PRODUIT" VALUES(30,1030,130,9,NULL,0.5,10);

CREATE TABLE QUANTITY ( ID_PROD INTEGER NOT NULL REFERENCES PRODUIT,ID_COMMAND INTEGER NOT NULL REFERENCES COMMAND,	QUANTITY INTEGER NOT NULL);
INSERT INTO "QUANTITY" VALUES(18,1,7);
INSERT INTO "QUANTITY" VALUES(28,2,10);
INSERT INTO "QUANTITY" VALUES(2,3,3);
INSERT INTO "QUANTITY" VALUES(5,4,5);
INSERT INTO "QUANTITY" VALUES(22,5,2);
INSERT INTO "QUANTITY" VALUES(14,6,3);
INSERT INTO "QUANTITY" VALUES(23,7,3);
INSERT INTO "QUANTITY" VALUES(30,8,4);
INSERT INTO "QUANTITY" VALUES(27,9,5);
INSERT INTO "QUANTITY" VALUES(11,10,3);
INSERT INTO "QUANTITY" VALUES(5,11,3);
INSERT INTO "QUANTITY" VALUES(15,12,8);
INSERT INTO "QUANTITY" VALUES(30,13,5);
INSERT INTO "QUANTITY" VALUES(8,14,6);
INSERT INTO "QUANTITY" VALUES(11,15,3);
INSERT INTO "QUANTITY" VALUES(3,16,10);
INSERT INTO "QUANTITY" VALUES(14,17,7);
INSERT INTO "QUANTITY" VALUES(23,18,5);
INSERT INTO "QUANTITY" VALUES(7,19,4);
INSERT INTO "QUANTITY" VALUES(1,20,3);
INSERT INTO "QUANTITY" VALUES(28,21,9);
INSERT INTO "QUANTITY" VALUES(21,22,10);
INSERT INTO "QUANTITY" VALUES(28,23,3);
INSERT INTO "QUANTITY" VALUES(8,24,9);
INSERT INTO "QUANTITY" VALUES(4,25,9);
INSERT INTO "QUANTITY" VALUES(26,26,4);
INSERT INTO "QUANTITY" VALUES(19,27,9);
INSERT INTO "QUANTITY" VALUES(1,28,8);
INSERT INTO "QUANTITY" VALUES(24,29,1);
INSERT INTO "QUANTITY" VALUES(9,30,10);
INSERT INTO "QUANTITY" VALUES(28,31,5);
INSERT INTO "QUANTITY" VALUES(25,32,4);
INSERT INTO "QUANTITY" VALUES(17,33,3);
INSERT INTO "QUANTITY" VALUES(19,34,7);
INSERT INTO "QUANTITY" VALUES(23,35,5);
INSERT INTO "QUANTITY" VALUES(26,36,5);
INSERT INTO "QUANTITY" VALUES(22,37,4);
INSERT INTO "QUANTITY" VALUES(10,38,7);
INSERT INTO "QUANTITY" VALUES(25,39,10);
INSERT INTO "QUANTITY" VALUES(30,40,2);
INSERT INTO "QUANTITY" VALUES(18,41,7);
INSERT INTO "QUANTITY" VALUES(29,42,4);
INSERT INTO "QUANTITY" VALUES(5,43,5);
INSERT INTO "QUANTITY" VALUES(17,44,9);
INSERT INTO "QUANTITY" VALUES(2,45,7);
INSERT INTO "QUANTITY" VALUES(16,46,2);
INSERT INTO "QUANTITY" VALUES(4,47,5);
INSERT INTO "QUANTITY" VALUES(28,48,2);
INSERT INTO "QUANTITY" VALUES(9,49,4);
INSERT INTO "QUANTITY" VALUES(6,50,9);
INSERT INTO "QUANTITY" VALUES(14,51,3);
INSERT INTO "QUANTITY" VALUES(9,52,4);
INSERT INTO "QUANTITY" VALUES(28,53,4);
INSERT INTO "QUANTITY" VALUES(18,54,1);
INSERT INTO "QUANTITY" VALUES(10,55,10);
INSERT INTO "QUANTITY" VALUES(14,56,3);
INSERT INTO "QUANTITY" VALUES(3,57,3);
INSERT INTO "QUANTITY" VALUES(15,58,9);
INSERT INTO "QUANTITY" VALUES(16,59,7);
INSERT INTO "QUANTITY" VALUES(25,60,8);
INSERT INTO "QUANTITY" VALUES(18,61,8);
INSERT INTO "QUANTITY" VALUES(8,62,7);
INSERT INTO "QUANTITY" VALUES(27,63,7);
INSERT INTO "QUANTITY" VALUES(25,64,8);
INSERT INTO "QUANTITY" VALUES(22,65,1);
INSERT INTO "QUANTITY" VALUES(16,66,3);
INSERT INTO "QUANTITY" VALUES(16,67,1);
INSERT INTO "QUANTITY" VALUES(15,68,5);
INSERT INTO "QUANTITY" VALUES(7,69,1);
INSERT INTO "QUANTITY" VALUES(21,70,2);
INSERT INTO "QUANTITY" VALUES(20,71,1);
INSERT INTO "QUANTITY" VALUES(22,72,1);
INSERT INTO "QUANTITY" VALUES(26,73,6);
INSERT INTO "QUANTITY" VALUES(13,74,1);
INSERT INTO "QUANTITY" VALUES(26,75,10);
INSERT INTO "QUANTITY" VALUES(17,76,9);
INSERT INTO "QUANTITY" VALUES(10,77,1);
INSERT INTO "QUANTITY" VALUES(29,78,5);
INSERT INTO "QUANTITY" VALUES(2,79,6);
INSERT INTO "QUANTITY" VALUES(7,80,6);
INSERT INTO "QUANTITY" VALUES(14,81,4);
INSERT INTO "QUANTITY" VALUES(6,82,8);
INSERT INTO "QUANTITY" VALUES(5,83,9);
INSERT INTO "QUANTITY" VALUES(27,84,6);
INSERT INTO "QUANTITY" VALUES(24,85,3);
INSERT INTO "QUANTITY" VALUES(22,86,1);
INSERT INTO "QUANTITY" VALUES(2,87,7);
INSERT INTO "QUANTITY" VALUES(4,88,6);
INSERT INTO "QUANTITY" VALUES(24,89,1);
INSERT INTO "QUANTITY" VALUES(4,90,6);
INSERT INTO "QUANTITY" VALUES(5,91,5);
INSERT INTO "QUANTITY" VALUES(20,92,7);
INSERT INTO "QUANTITY" VALUES(27,93,1);
INSERT INTO "QUANTITY" VALUES(15,94,7);
INSERT INTO "QUANTITY" VALUES(10,95,2);
INSERT INTO "QUANTITY" VALUES(7,96,2);
INSERT INTO "QUANTITY" VALUES(15,97,5);
INSERT INTO "QUANTITY" VALUES(20,98,9);
INSERT INTO "QUANTITY" VALUES(24,99,4);
INSERT INTO "QUANTITY" VALUES(14,100,6);

CREATE TABLE RATING ( ID_LOGIN INTEGER NOT NULL REFERENCES USER, ID_PRODUIT INTEGER NOT NULL, NOTE REAL NOT NULL);
INSERT INTO "RATING" VALUES(35,1,2.0);
INSERT INTO "RATING" VALUES(56,6,5.0);
INSERT INTO "RATING" VALUES(77,15,1.0);
INSERT INTO "RATING" VALUES(31,2,5.0);
INSERT INTO "RATING" VALUES(84,23,4.0);
INSERT INTO "RATING" VALUES(94,2,4.0);
INSERT INTO "RATING" VALUES(42,14,3.0);
INSERT INTO "RATING" VALUES(90,27,2.0);
INSERT INTO "RATING" VALUES(36,24,5.0);
INSERT INTO "RATING" VALUES(64,11,4.0);
INSERT INTO "RATING" VALUES(75,4,2.0);
INSERT INTO "RATING" VALUES(7,16,2.0);
INSERT INTO "RATING" VALUES(13,2,3.0);
INSERT INTO "RATING" VALUES(94,18,4.0);
INSERT INTO "RATING" VALUES(22,22,4.0);
INSERT INTO "RATING" VALUES(60,1,4.0);
INSERT INTO "RATING" VALUES(56,27,1.0);
INSERT INTO "RATING" VALUES(67,14,4.0);
INSERT INTO "RATING" VALUES(38,1,1.0);
INSERT INTO "RATING" VALUES(95,14,1.0);
INSERT INTO "RATING" VALUES(92,27,3.0);
INSERT INTO "RATING" VALUES(88,9,2.0);
INSERT INTO "RATING" VALUES(73,5,2.0);
INSERT INTO "RATING" VALUES(95,9,4.0);
INSERT INTO "RATING" VALUES(49,21,5.0);
INSERT INTO "RATING" VALUES(78,9,4.0);
INSERT INTO "RATING" VALUES(10,22,4.0);
INSERT INTO "RATING" VALUES(51,8,1.0);
INSERT INTO "RATING" VALUES(62,23,3.0);
INSERT INTO "RATING" VALUES(80,3,1.0);
INSERT INTO "RATING" VALUES(5,19,1.0);
INSERT INTO "RATING" VALUES(81,1,2.0);
INSERT INTO "RATING" VALUES(88,12,5.0);
INSERT INTO "RATING" VALUES(66,22,5.0);
INSERT INTO "RATING" VALUES(8,30,5.0);
INSERT INTO "RATING" VALUES(58,7,5.0);
INSERT INTO "RATING" VALUES(10,13,4.0);
INSERT INTO "RATING" VALUES(18,8,2.0);
INSERT INTO "RATING" VALUES(24,18,1.0);
INSERT INTO "RATING" VALUES(50,26,3.0);
INSERT INTO "RATING" VALUES(97,13,4.0);
INSERT INTO "RATING" VALUES(40,2,3.0);
INSERT INTO "RATING" VALUES(93,18,4.0);
INSERT INTO "RATING" VALUES(46,17,5.0);
INSERT INTO "RATING" VALUES(49,14,2.0);
INSERT INTO "RATING" VALUES(30,21,5.0);
INSERT INTO "RATING" VALUES(89,22,3.0);
INSERT INTO "RATING" VALUES(40,12,3.0);
INSERT INTO "RATING" VALUES(74,11,4.0);
INSERT INTO "RATING" VALUES(53,24,5.0);
INSERT INTO "RATING" VALUES(90,16,2.0);
INSERT INTO "RATING" VALUES(56,13,1.0);
INSERT INTO "RATING" VALUES(28,10,5.0);
INSERT INTO "RATING" VALUES(32,28,1.0);
INSERT INTO "RATING" VALUES(60,17,4.0);
INSERT INTO "RATING" VALUES(37,28,4.0);
INSERT INTO "RATING" VALUES(7,26,3.0);
INSERT INTO "RATING" VALUES(63,18,3.0);
INSERT INTO "RATING" VALUES(99,10,2.0);
INSERT INTO "RATING" VALUES(13,13,3.0);
INSERT INTO "RATING" VALUES(79,2,4.0);
INSERT INTO "RATING" VALUES(62,7,4.0);
INSERT INTO "RATING" VALUES(25,28,5.0);
INSERT INTO "RATING" VALUES(57,25,1.0);
INSERT INTO "RATING" VALUES(14,15,1.0);
INSERT INTO "RATING" VALUES(18,14,4.0);
INSERT INTO "RATING" VALUES(7,13,1.0);
INSERT INTO "RATING" VALUES(48,12,1.0);
INSERT INTO "RATING" VALUES(31,16,3.0);
INSERT INTO "RATING" VALUES(73,9,1.0);
INSERT INTO "RATING" VALUES(97,4,5.0);
INSERT INTO "RATING" VALUES(53,28,1.0);
INSERT INTO "RATING" VALUES(17,21,4.0);
INSERT INTO "RATING" VALUES(5,2,1.0);
INSERT INTO "RATING" VALUES(14,25,4.0);
INSERT INTO "RATING" VALUES(48,13,1.0);
INSERT INTO "RATING" VALUES(99,18,3.0);
INSERT INTO "RATING" VALUES(3,9,4.0);
INSERT INTO "RATING" VALUES(58,12,4.0);
INSERT INTO "RATING" VALUES(47,25,2.0);
INSERT INTO "RATING" VALUES(85,15,3.0);
INSERT INTO "RATING" VALUES(96,15,5.0);
INSERT INTO "RATING" VALUES(34,15,1.0);
INSERT INTO "RATING" VALUES(1,9,3.0);
INSERT INTO "RATING" VALUES(87,12,5.0);
INSERT INTO "RATING" VALUES(29,1,1.0);
INSERT INTO "RATING" VALUES(1,20,3.0);
INSERT INTO "RATING" VALUES(37,20,1.0);
INSERT INTO "RATING" VALUES(40,27,3.0);
INSERT INTO "RATING" VALUES(86,8,5.0);
INSERT INTO "RATING" VALUES(11,14,2.0);
INSERT INTO "RATING" VALUES(50,19,5.0);
INSERT INTO "RATING" VALUES(23,8,5.0);
INSERT INTO "RATING" VALUES(100,16,2.0);
INSERT INTO "RATING" VALUES(25,26,3.0);
INSERT INTO "RATING" VALUES(23,17,1.0);
INSERT INTO "RATING" VALUES(69,27,5.0);
INSERT INTO "RATING" VALUES(26,30,2.0);
INSERT INTO "RATING" VALUES(87,28,3.0);
INSERT INTO "RATING" VALUES(96,21,3.0);

CREATE TABLE STRING (ID_STRING INTEGER NOT NULL, LANGUE TEXT NOT NULL,TEXTE TEXT NOT NULL);
INSERT INTO "STRING" VALUES(1,'fr','Bières à la pompe');
INSERT INTO "STRING" VALUES(1,'en','Biers (Draft)');
INSERT INTO "STRING" VALUES(2,'fr','Softs');
INSERT INTO "STRING" VALUES(2,'en','Softs');
INSERT INTO "STRING" VALUES(3,'fr','Eaux');
INSERT INTO "STRING" VALUES(3,'en','Water');
INSERT INTO "STRING" VALUES(4,'fr','Vins');
INSERT INTO "STRING" VALUES(4,'en','Wines');
INSERT INTO "STRING" VALUES(5,'fr','Cocktails');
INSERT INTO "STRING" VALUES(5,'en','Cocktails');
INSERT INTO "STRING" VALUES(6,'fr','Spiritueux');
INSERT INTO "STRING" VALUES(6,'en','Spirits');
INSERT INTO "STRING" VALUES(7,'fr','Digestifs');
INSERT INTO "STRING" VALUES(7,'en','Liqueurs');
INSERT INTO "STRING" VALUES(8,'fr','Bières en bouteille');
INSERT INTO "STRING" VALUES(8,'en','Biers (Bottle)');
INSERT INTO "STRING" VALUES(9,'fr','En-cas');
INSERT INTO "STRING" VALUES(9,'en','Snacks');
INSERT INTO "STRING" VALUES(101,'fr','Carapils');
INSERT INTO "STRING" VALUES(101,'en','Carapils');
INSERT INTO "STRING" VALUES(102,'fr','Youpielair (Maison)');
INSERT INTO "STRING" VALUES(102,'en','Youpielair (Homemade)');
INSERT INTO "STRING" VALUES(103,'fr','FooooBar');
INSERT INTO "STRING" VALUES(103,'en','FooooBar');
INSERT INTO "STRING" VALUES(104,'fr','Surge');
INSERT INTO "STRING" VALUES(104,'en','Surge');
INSERT INTO "STRING" VALUES(105,'fr','Ok');
INSERT INTO "STRING" VALUES(105,'en','Ok');
INSERT INTO "STRING" VALUES(106,'fr','Coca-Cola Cerise - Vanille');
INSERT INTO "STRING" VALUES(106,'en','Coca-Cola Black Cherry - Vanilla');
INSERT INTO "STRING" VALUES(107,'fr','Eau (Maison)');
INSERT INTO "STRING" VALUES(107,'en','Water (Homemade)');
INSERT INTO "STRING" VALUES(108,'fr','Badoit (Saint-Galmier)');
INSERT INTO "STRING" VALUES(108,'en','Badoit (Saint-Galmier)');
INSERT INTO "STRING" VALUES(109,'fr','Eau de source du volcan hawaien Waiakea');
INSERT INTO "STRING" VALUES(109,'en','Waiakea Hawaiian Volcanic Water');
INSERT INTO "STRING" VALUES(110,'fr','Pinot noir 12% (Chateau Bon Baron)');
INSERT INTO "STRING" VALUES(110,'en','Pinot noir 12% (Chateau Bon Baron)');
INSERT INTO "STRING" VALUES(111,'fr','Soubirac 14% (Chateau Mal de Tête');
INSERT INTO "STRING" VALUES(111,'en','Soubirac 14% (Chateau Headache');
INSERT INTO "STRING" VALUES(112,'fr','Merlot/Dornfelder 12% (Hagelander)');
INSERT INTO "STRING" VALUES(112,'en','Merlot/Dornfelder 12% (Hagelander)');
INSERT INTO "STRING" VALUES(113,'fr','Marie Sanglante');
INSERT INTO "STRING" VALUES(113,'en','Bloody Mary');
INSERT INTO "STRING" VALUES(114,'fr','Cervelle de singe');
INSERT INTO "STRING" VALUES(114,'en','Monkey Brain');
INSERT INTO "STRING" VALUES(115,'fr','Sexe à la plage');
INSERT INTO "STRING" VALUES(115,'en','Sex on the Beach');
INSERT INTO "STRING" VALUES(116,'fr','Le Vert Super Chouette');
INSERT INTO "STRING" VALUES(116,'en','The Funny Super Green');
INSERT INTO "STRING" VALUES(117,'fr','Big Peat 46% (Douglas Laing)');
INSERT INTO "STRING" VALUES(117,'en','Big Peat 46% (Douglas Laing)');
INSERT INTO "STRING" VALUES(118,'fr','Vodka 47% (Zubrowka)');
INSERT INTO "STRING" VALUES(118,'en','Vodka 47% (Zubrowka)');
INSERT INTO "STRING" VALUES(119,'fr','Biercée Gin "Less is More" 44% (Distillerie de Biercée)');
INSERT INTO "STRING" VALUES(119,'en','Biercée Gin "Less is More" 44% (Distillerie de Biercée)');
INSERT INTO "STRING" VALUES(120,'fr','Rhum arrangé vanille 10 ans d''âge (Maison)');
INSERT INTO "STRING" VALUES(120,'en','Rhum mixed with vanilla 10 years old (Homemade)');
INSERT INTO "STRING" VALUES(121,'fr','Amaretto 28% (Disaronno)');
INSERT INTO "STRING" VALUES(121,'en','Amaretto 28% (Disaronno)');
INSERT INTO "STRING" VALUES(122,'fr','Limoncello 32% (Maison)');
INSERT INTO "STRING" VALUES(122,'en','Limoncello 32% (Homemade)');
INSERT INTO "STRING" VALUES(123,'fr','Calvados 40% (Père Magloire)');
INSERT INTO "STRING" VALUES(123,'en','Calavados 40% (Père Magloire)');
INSERT INTO "STRING" VALUES(124,'fr','Grappa 52% (Maison)');
INSERT INTO "STRING" VALUES(124,'en','Grappa 52% (Homemade)');
INSERT INTO "STRING" VALUES(125,'fr','Hercule 9% (Brasserie des légendes)');
INSERT INTO "STRING" VALUES(125,'en','Hercule 9% (Brasserie des légendes)');
INSERT INTO "STRING" VALUES(126,'fr','Saison Voisin 5% (Brasserie des légendes)');
INSERT INTO "STRING" VALUES(126,'en','Saison Voisin 5% (Brasserie des légendes)');
INSERT INTO "STRING" VALUES(127,'fr','Orval 6% (Brasserie d''Orval)');
INSERT INTO "STRING" VALUES(127,'en','Orval 6% (Brasserie d''Orval)');
INSERT INTO "STRING" VALUES(128,'fr','Gueuze 5% (Brasserie Cantillon)');
INSERT INTO "STRING" VALUES(128,'en','Gueuze 5% (Brasserie Cantillon');
INSERT INTO "STRING" VALUES(129,'fr','Ginette Blonde Naturelle 5% (Brasserie Ginette)');
INSERT INTO "STRING" VALUES(129,'en','Ginette Natural Blond 5% (Brasserie Ginette)');
INSERT INTO "STRING" VALUES(130,'fr','Cacahuètes');
INSERT INTO "STRING" VALUES(130,'en','Peanuts');
INSERT INTO "STRING" VALUES(1001,'fr','Légende urbaine.');
INSERT INTO "STRING" VALUES(1001,'en','Urban legend.');
INSERT INTO "STRING" VALUES(1002,'fr','Bière du patron');
INSERT INTO "STRING" VALUES(1002,'en','Homemade beer');
INSERT INTO "STRING" VALUES(1003,'fr','Bière aléatoire dans une sélection secrète');
INSERT INTO "STRING" VALUES(1003,'en','Ramdom beer taken from a secret selection');
INSERT INTO "STRING" VALUES(1004,'fr','Vert fluo et vous donne la force de Hulk grâce à son taux en caféine illégal ! Merci Coca-Cola Company !');
INSERT INTO "STRING" VALUES(1004,'en','Bright green and will give you Hulk strength with its illegal caffeine rate! Thank you Coca-Cola Company!');
INSERT INTO "STRING" VALUES(1005,'fr','La boisson gazeuse cynique par Coca-Cola. Le soda Ok vous dit "Ne soyez pas dans l''illusion qu''il existe une raison à toute chose. C''est OK pour vous de penser que je ne suis pas OK mais je le suis."');
INSERT INTO "STRING" VALUES(1005,'en','The cynical soft drink by Coca-Cola. OK soda says "Don’t be fooled into thinking there has to be a reason for everything. It’s OK for you to think I’m not OK but I am"');
INSERT INTO "STRING" VALUES(1006,'fr','Prenez un Coca-Cola, une cerise et de la vanille. Mélangez le tout sur un nid de glaçon et sa rondelle de citron.');
INSERT INTO "STRING" VALUES(1006,'en','Take a Coke, a black cherry and vanilla. Shake it and put it on ice with some lemon.');
INSERT INTO "STRING" VALUES(1007,'fr','Eau de ville dont s''abreuve nos robinets qui vous désalterera.');
INSERT INTO "STRING" VALUES(1007,'en','City water which quenches our faucets that will refresh you.');
INSERT INTO "STRING" VALUES(1008,'fr','Vénérées par les Gaulois et appréciées par les rois, les eaux de Saint-Galmier ont longtemps été reconnues pour leurs vertues réparatrice. Toutefois, il a fallu attendre l''action d''un entrepreneur connu sous le nom d''Auguste Badoit pour partager les eaux de sources de ce petit village avec le monde entier. À une hauteur de 500m sous la vallée de la Loire, l''eau est naturellement chargée en minéraux donnant le côté gazeux telle une signature de la marque. De nos jours, l''eau de qualité est une habituée des grands restaurants où sa carbonatation délicate et son goût équilibrée plaira aux palais sensibles des gourmets.');
INSERT INTO "STRING" VALUES(1008,'en','Revered by the ancient Gauls and enjoyed by kings, the waters of Saint-Galmier have long been recognized for their restorative properties. However, it took an enterprising silk salesman named Auguste Badoit to share the spring water of this tiny French town with the world. Traveling to the surface from 500 feet below the Loire Valley, the water is naturally endowed with a generous amount of trace minerals as well as light, playful bubbles that give Badoit its signature taste. Today, the water is a common sight at fine restaurants, where its delicate carbonation and balanced taste complement the subtle flavors of gourmet meals.');
INSERT INTO "STRING" VALUES(1009,'fr','Provenant du pic enneigé du Mauna Loa, le plus grand volcan de subaérien du monde, l''eau de Waiakea est naturellement filtrée à travers des milliers de pieds de roche volcanique poreuse avant d''être embouteillé. Le produit résultant est riche en électrolytes et minéraux essentiels, et est également inhabituellement alcaline, donnant à l''eau sucrée caractéristique sa finition.');
INSERT INTO "STRING" VALUES(1009,'en','Sourced from the snowy peak of Mauna Loa, the world''s largest subaerial volcano, Waiakea''s water is naturally filtered through thousands of feet of porous volcanic rock before being bottled. The resulting product is rich in electrolytes and essential minerals, and is also unusually alkaline, giving the water its distinctive sweet finish. ');
INSERT INTO "STRING" VALUES(1010,'fr','Délicieux Pinot noir vieilli un an en fûts de chêne francais neufs. De couleur rubis intense, il offre un bouquet fin de beaux fruits et de subtils tons de vanille. La bouche gourmande présente un délicieux palais de fruits des bois, de cerise noire et une légère touche fumée.');
INSERT INTO "STRING" VALUES(1010,'en','Delicious Pinot Noir aged one year in barrels of new French oak. Intense ruby color, it offers a bouquet fine beautiful fruits and subtle tones of vanilla. The greedy mouth has a delicious palate of berries, black cherries and a touch of smoke.');
INSERT INTO "STRING" VALUES(1011,'fr','Pour des lendemains douloureux.');
INSERT INTO "STRING" VALUES(1011,'en','For painful tomorrows.');
INSERT INTO "STRING" VALUES(1012,'fr','Un vin rouge foncé, dévoilant la générosité du Dornfelder et l’élégance du Merlot. En bouche, un fruité serré alterne avec les touches vanillées apportées par le passage en barrique. Le vin offre une finale longue, persistante et très agréable.');
INSERT INTO "STRING" VALUES(1012,'en','A dark red wine, revealing the generosity of Dornfelder and elegance of Merlot. In the mouth, a tight fruity alternates with vanilla touches brought by the passage in barrels. The wine has a long finish, persistent and very pleasant.');
INSERT INTO "STRING" VALUES(1013,'fr','Vodka, jus de tomates, jus de citron, sauce Worcestershire, tabasco, sel de céleri, sel, poivre');
INSERT INTO "STRING" VALUES(1013,'en','Vodka, tomato juice, lemon juice, Worcestershire sauce, Tabasco sauce, celery salt, salt, pepper');
INSERT INTO "STRING" VALUES(1014,'fr','Grenadine, Baileys, vodka');
INSERT INTO "STRING" VALUES(1014,'en','Grenadine, Baileys, vodka');
INSERT INTO "STRING" VALUES(1015,'fr','Vodka, melon, chambord, jus d''ananas, jus de cranberry');
INSERT INTO "STRING" VALUES(1015,'en','Vodka, melon, Chambord, pineapple juice, cranberry juice');
INSERT INTO "STRING" VALUES(1016,'fr','Citron, vodka, tequila, curaçao bleu, jus d''oranges, sucre et cannelle');
INSERT INTO "STRING" VALUES(1016,'en','Lemon, vodka, tequila, blue curacao, orange juice, sugar and cinnamon');
INSERT INTO "STRING" VALUES(1017,'fr','Tous les single malts de l''île d''Islay, y compris le rarissime Port Ellen, sont présents au sein de ce Blended Malt (assemblage de single malts) résolument tourbé au nom évocateur signé Douglas Laing. Une tourbe sèche et fumée qui ravira les amateurs de jeunes Islay très typés.');
INSERT INTO "STRING" VALUES(1017,'en','All single malts from Islay, including rare Port Ellen, are present within that Blended Malt (assembly of single malts) resolutely peaty evocative name signed Douglas Laing. A dry peat and smoke delight fans young Islay very typical.');
INSERT INTO "STRING" VALUES(1018,'fr','Zubrowka est une vodka polonaise à l''herbe de bison. Egalement appelée Vodka de Bison, Zubrowka doit son nom à une herbe aromatique des plaines orientales de Pologne très appréciée du bison. La Vodka Zubrowka est élaboré à partir de seigle de grande qualité cultivé dans les régions du Nord-Ouest de la Pologne.');
INSERT INTO "STRING" VALUES(1019,'en','Zubrowka is a Polish vodka bison grass. Also called Buffalo Vodka, Zubrowka is named after an aromatic herb of the eastern plains of Poland appreciated the buffalo. Zubrowka Vodka is made from high quality rye grown in the North-West of Poland.');
INSERT INTO "STRING" VALUES(1019,'fr','a Distillerie de Biercée est parvenue à ramener le gin à son essence même : un gin franc et sans détour dans le respect de la tradition. L’ensemble botanique bien défini et sa teneur en alcool de 44% lui confèrent un caractère épicé équilibré alliant saveurs de baies de genévrier, d’agrumes frais et notes poivrées.');
INSERT INTO "STRING" VALUES(1019,'en','Distillerie de Biercée has succeeded in bringing gin back to basics: an honest, straight forward gin elaborated according to tradition. The well-defined selection of botanicals and its 44 % alcohol content give it a spicy, balanced character combining the flavours of juniper berries, fresh citrus fruit and peppery notes.');
INSERT INTO "STRING" VALUES(1020,'fr','Rhum arrangé maison où des gousses de vanille ont mariné durant 10 ans.');
INSERT INTO "STRING" VALUES(1020,'en','Rum where vanilla beans marinated for 10 years.');
INSERT INTO "STRING" VALUES(1021,'fr','Digestif italien aromatisé aux herbes et aux fruits ayant trempé dans l''huile de noyaux d''abricots.');
INSERT INTO "STRING" VALUES(1021,'en','Italian liqueur flavored with herbs and fruits soaked in apricot kernel oil.');
INSERT INTO "STRING" VALUES(1022,'fr','Limoncello fait maison avec amour !');
INSERT INTO "STRING" VALUES(1022,'en','Limoncello homemade with love!');
INSERT INTO "STRING" VALUES(1023,'fr','Le Calvados Père Magloire se distingue par une distillation en continu en alambic de cuivre qui permet de concentrer les arômes de pomme, accentués par l''assemblage des cuvées les plus fruitées et un vieillissement en fûts de chêne centenaire.');
INSERT INTO "STRING" VALUES(1023,'en','Père Magloire Calvados is distinguished by a copper alembic continuous distillation which concentrates the aromas of apple, accented by the assembly of the most fruity wines and aging in old oak.');
INSERT INTO "STRING" VALUES(1024,'fr','Déliceuse Grappa réalisée avec amour dans nos caves!');
INSERT INTO "STRING" VALUES(1024,'en','Delicious Grappa homade with love in our cellar!');
INSERT INTO "STRING" VALUES(1025,'fr','Brassée en hommage à Hercules Poirot, cette stout se caractérise par son goût de chocolat et de moka. Élue meilleure bière de Wallonie en 2012');
INSERT INTO "STRING" VALUES(1025,'en','Brewed in honor of Hercules Poirot, the stout is characterized by its taste of chocolate and mocha. Voted the Best Belgian Brown in Wallonia in 2012.');
INSERT INTO "STRING" VALUES(1026,'fr','Brassée depuis 1884 selon la recette originale, la SAISON VOISIN est une véritable bière de terroir. Caractérisée par une touche houblonnée (40 EBU) et une belle robe ambrée, la Saison Voisin vous plongera dans les moissons d''antan.Elue meilleur bière ambrée belge wallonne 2012.');
INSERT INTO "STRING" VALUES(1026,'en','SAISON VOISIN has been brewed since 1884 according to the original recipe – it’s a truly local beer of the lands. It is characterised by its hoppy taste (40 EBU) and a lovely amber finish. Saison Voisin will throws you back to the harvests of yesteryear. Voted the ‘Best Belgian Amber of Wallonia’ in 2012.');
INSERT INTO "STRING" VALUES(1027,'fr','L''Orval est une bière ambrée de fermentation haute. Elle est constituée exclusivement d''eau de source, de malts, de houblons, de sucre et de levures. Elle a un arôme et un goût houblonnés très typiques. Refermentée en bouteille, l''Orval offre toute sa saveur lorsqu''elle est servie dans son verre d''origine à une température entre 12 et 14 degrés.');
INSERT INTO "STRING" VALUES(1027,'en','The Orval is an amber beer of high fermentation. It consists of spring water exclusively, malt, hops, sugar and yeast. It has a typical aroma and a very hoppy taste. Refermented in the bottle, the Orval offers all its flavor when served in its original glass at a temperature between 12 and 14 degrees.');
INSERT INTO "STRING" VALUES(1028,'fr',' La Cantillon Gueuze présente une robe orangée trouble et une mousse abondante et compacte. Ses arômes sont fruités et boisés.');
INSERT INTO "STRING" VALUES(1028,'en','The Cantillon Gueuze has blurred orange robe and abundant and compact foam. Its aromas are fruity and woody.');
INSERT INTO "STRING" VALUES(1029,'fr','Ginette "Blonde Naturelle" s''inscrit dans le respect d''authenticité, d''artisanat et est brassée esclusivement à partir d''ingrédients issus de l''agriculture biologique.');
INSERT INTO "STRING" VALUES(1029,'en','Ginette "Natural Blond" is in respect of authenticity, craftsmanship and is brewed exclusively from ingredients from organic agriculture.');
INSERT INTO "STRING" VALUES(1030,'fr','Une robe croquante accompagnée de son arachide authentique servie en bol et accompagnée de ses nombreuses amies !');
INSERT INTO "STRING" VALUES(1030,'en','Tasty nuts in a bowl to share with friends!');

CREATE TABLE USER ( ID_LOGIN INTEGER NOT NULL, LOGIN TEXT NOT NULL,	MDP TEXT NOT NULL,CATEGORIE_USER INTEGER NOT NULL,NOM_USER TEXT NOT NULL,LANGUE TEXT NOT NULL,EMAIL TEXT NOT NULL,SEX TEXT NOT NULL,GSM TEXT,ADRESSE TEXT,PRIMARY KEY (ID_LOGIN),UNIQUE(EMAIL),UNIQUE(ID_LOGIN));
INSERT INTO "USER" VALUES(1,'Katelyn','VNO63LTQ3JM',1,'Phyllis Summers','fr','non@Nullamsuscipitest.edu','F','07 64 57 69 48','426-9602 Laoreet Road');
INSERT INTO "USER" VALUES(2,'Gary','TZF70UBM4LC',2,'Geraldine Roberts','fr','in.faucibus.orci@vulputatenisisem.net','M','01 05 53 72 50','1305 Risus St.');
INSERT INTO "USER" VALUES(3,'Caryn','DMF71CNG2CQ',2,'Kendall Bernard','en','et@tristiqueac.edu','M','05 45 50 84 61','P.O. Box 952, 9069 In Avenue');
INSERT INTO "USER" VALUES(4,'Iona','JGV08RNH8YZ',1,'Christopher Neal','fr','id@Vivamusmolestiedapibus.edu','F','07 42 83 06 71','3693 Dolor. Ave');
INSERT INTO "USER" VALUES(5,'Avram','HGW61WJH3TP',3,'Macaulay Bonner','fr','amet.faucibus@nullaanteiaculis.org','F','06 95 83 33 68','Ap #500-8064 Sit Road');
INSERT INTO "USER" VALUES(6,'Alice','YXI61MKJ1RD',3,'Gage Salinas','en','pede@ametconsectetuer.co.uk','M','09 33 27 15 53','424 Et Av.');
INSERT INTO "USER" VALUES(7,'Hall','VJI62LJM3ZD',1,'Eric Koch','fr','Sed.congue.elit@euaugue.com','M','07 46 90 06 51','5440 Libero Av.');
INSERT INTO "USER" VALUES(8,'Jenna','UIQ95LWS0DL',1,'Iona Reilly','fr','Donec.sollicitudin.adipiscing@etarcu.ca','M','02 74 94 72 53','Ap #424-5582 Ultrices Street');
INSERT INTO "USER" VALUES(9,'Driscoll','FEX09MBQ1LD',2,'Xandra Ortiz','en','ut.aliquam.iaculis@metusfacilisis.ca','M','06 40 53 24 11','600-4194 Mi Av.');
INSERT INTO "USER" VALUES(10,'Madonna','JZN87EQP5RB',2,'Arsenio Newman','fr','Proin.sed.turpis@sedsemegestas.edu','F','03 52 57 34 34','422-5976 Turpis. Street');
INSERT INTO "USER" VALUES(11,'Amery','WVU79LHD6RQ',3,'Belle Strickland','fr','non.luctus.sit@tortor.ca','M','05 13 44 82 60','P.O. Box 875, 3183 Vulputate, Av.');
INSERT INTO "USER" VALUES(12,'Florence','PBO12QYZ2LA',3,'Raphael Nichols','en','Mauris.ut@venenatislacusEtiam.co.uk','M','04 11 88 82 39','1570 Consequat St.');
INSERT INTO "USER" VALUES(13,'Catherine','ROK67TCC3YO',1,'Rajah Wallace','fr','posuere.at@sitametorci.net','M','09 44 55 97 38','P.O. Box 450, 1197 Porta Road');
INSERT INTO "USER" VALUES(14,'Raja','BMV93KWE1VO',3,'Eugenia Lancaster','fr','Quisque.purus.sapien@Crasdolordolor.com','M','02 81 55 33 63','P.O. Box 284, 6856 Volutpat Rd.');
INSERT INTO "USER" VALUES(15,'Daniel','MGH70CWH5PC',1,'Rudyard Blake','en','nulla.vulputate.dui@ipsum.org','F','03 21 70 93 91','P.O. Box 591, 1476 Per St.');
INSERT INTO "USER" VALUES(16,'Camille','UMX07XEI3BT',1,'Hannah Garrison','fr','dictum.sapien@Craseutellus.edu','F','05 21 26 45 31','8541 Eget, Road');
INSERT INTO "USER" VALUES(17,'Conan','CCO11OHK3ZS',2,'Jesse Jordan','fr','Suspendisse@auctorullamcorper.net','M','09 05 33 08 90','6685 Dis St.');
INSERT INTO "USER" VALUES(18,'Aphrodite','NKN79OQL1ZL',2,'Felix Glenn','en','commodo.at@feliseget.co.uk','M','05 48 40 34 03','2869 Ultrices Rd.');
INSERT INTO "USER" VALUES(19,'Chloe','HLE06MUI4WY',3,'Meredith Jenkins','fr','dui.augue@ultrices.co.uk','M','07 16 32 67 88','P.O. Box 836, 8637 Mauris St.');
INSERT INTO "USER" VALUES(20,'Shaine','ZPL48OON5GD',3,'Erica Griffin','fr','euismod.est@cursusNunc.org','F','03 46 32 79 23','P.O. Box 774, 9736 Aenean Avenue');
INSERT INTO "USER" VALUES(21,'Stewart','SZV65YJV6PM',1,'Davis Serrano','en','vel@antebibendumullamcorper.co.uk','F','09 70 60 39 32','P.O. Box 502, 8490 Hymenaeos. Rd.');
INSERT INTO "USER" VALUES(22,'Dorian','NIE27UHO4JC',3,'Uriah Gamble','en','Sed.diam@vulputate.net','F','03 60 19 35 07','1680 Vitae Street');
INSERT INTO "USER" VALUES(23,'Amos','COG30QKR8IX',1,'Dante Todd','en','lectus.ante.dictum@imperdieterat.co.uk','M','02 16 33 21 50','786-1468 Nec, Street');
INSERT INTO "USER" VALUES(24,'Xaviera','NGH99UXV7IB',2,'Kasimir Quinn','fr','nec.cursus@dolor.ca','F','02 55 02 36 28','638-6077 Diam. Road');
INSERT INTO "USER" VALUES(25,'Isabelle','NLL39KGO3ED',2,'Carson Preston','en','mollis.Duis.sit@non.co.uk','M','04 42 55 95 49','714 Eu Avenue');
INSERT INTO "USER" VALUES(26,'Rooney','TJC20FKX0UL',1,'Clio Finch','fr','ornare@fermentum.net','M','07 95 05 42 85','732-4552 Facilisi. St.');
INSERT INTO "USER" VALUES(27,'Thomas','RYB48EIK5US',2,'Dante Neal','en','imperdiet.ullamcorper.Duis@volutpatNulladignissim.co.uk','F','06 91 39 72 89','796-6174 Et, Av.');
INSERT INTO "USER" VALUES(28,'Rhona','YYY72UMB6IH',2,'Kathleen House','fr','eget.massa@sitametnulla.net','F','09 73 17 42 34','828-158 Augue Av.');
INSERT INTO "USER" VALUES(29,'Maris','EPN83TPC6TU',1,'Simone Harper','fr','lectus.pede@malesuadaInteger.org','F','03 75 61 20 47','754-7565 Enim. St.');
INSERT INTO "USER" VALUES(30,'Kiayada','HJX29UOR5SA',3,'Colette Huber','en','quis.pede.Praesent@Aeneanegetmagna.com','M','01 69 98 15 69','Ap #877-6737 Pharetra. Ave');
INSERT INTO "USER" VALUES(31,'Brett','RST05WWJ7XB',3,'Barry Chambers','en','porttitor.vulputate.posuere@metusfacilisislorem.ca','F','07 22 07 43 06','P.O. Box 454, 8949 Nunc Av.');
INSERT INTO "USER" VALUES(32,'Malcolm','KMR11QIK9LI',1,'August Rowland','en','Duis.ac@Nullafacilisis.org','M','04 48 64 69 02','Ap #788-8638 Felis Av.');
INSERT INTO "USER" VALUES(33,'Sigourney','TJC81RKD9HR',2,'Dana Snider','fr','amet.ante.Vivamus@facilisisfacilisis.org','F','09 06 68 57 74','Ap #823-5663 Gravida Av.');
INSERT INTO "USER" VALUES(34,'Alden','VMR59CFM7EZ',3,'Xenos Johns','fr','libero.Proin@tellusloremeu.com','M','04 78 92 15 68','2370 Eleifend Ave');
INSERT INTO "USER" VALUES(35,'Adena','ITG59LDT5UT',2,'Tyler Weiss','fr','vitae.velit@aauctornon.edu','F','08 48 12 34 80','1996 Vel Rd.');
INSERT INTO "USER" VALUES(36,'Chanda','JIA48QTU9YZ',3,'Cailin Branch','en','Duis.ac.arcu@rutrumnon.edu','F','03 15 21 26 76','Ap #266-3222 Fusce Ave');
INSERT INTO "USER" VALUES(37,'Cara','QLK45UMU2UG',3,'Andrew Jimenez','fr','enim.sit.amet@sagittis.ca','F','06 82 01 49 83','717-3412 Risus. Ave');
INSERT INTO "USER" VALUES(38,'Oscar','EWR43DCU0TQ',1,'Benjamin Quinn','en','Donec.vitae@sedpedenec.net','M','01 83 17 63 07','332-4071 Gravida Street');
INSERT INTO "USER" VALUES(39,'Kerry','UAR34PYK3XZ',1,'Merrill Burris','en','eu.accumsan.sed@Aenean.org','F','05 91 23 11 36','Ap #601-2743 Viverra. Av.');
INSERT INTO "USER" VALUES(40,'Genevieve','ROJ77DEA9DL',2,'Kyla Hart','fr','sagittis.semper@auguescelerisquemollis.edu','F','08 48 75 44 27','Ap #262-4192 Nec Road');
INSERT INTO "USER" VALUES(41,'Linda','MDI71QQI9XA',3,'Amela Spears','fr','mauris.Suspendisse.aliquet@consectetuereuismod.org','M','04 47 11 06 44','Ap #421-5525 Metus. St.');
INSERT INTO "USER" VALUES(42,'Scarlet','UTP22AGY0WL',1,'Walter Burnett','en','nibh@nulla.org','F','05 23 49 65 00','Ap #990-2750 Aliquam St.');
INSERT INTO "USER" VALUES(43,'Cecilia','SLW64PQH3BY',3,'Evangeline Beach','fr','ac.metus@scelerisquemollis.ca','M','06 38 64 61 28','Ap #635-3198 Lobortis Road');
INSERT INTO "USER" VALUES(44,'Brandon','FHI32AGF5JU',2,'Ferris Patel','en','lacinia@arcuNunc.org','F','07 20 37 21 21','Ap #412-1691 Ornare Av.');
INSERT INTO "USER" VALUES(45,'Geoffrey','ZCR60BDA4ZK',3,'Castor Roy','en','amet.ornare@Nuncmauris.ca','F','01 36 11 04 62','826-4372 Feugiat. Rd.');
INSERT INTO "USER" VALUES(46,'Beck','ZZV09WAH8QJ',2,'Tara Lewis','en','mollis.Duis@semper.org','M','01 51 57 51 46','Ap #302-2799 Iaculis Street');
INSERT INTO "USER" VALUES(47,'Halla','SMK91YNE8YP',3,'Susan Faulkner','fr','Nulla.interdum@dis.ca','F','07 58 79 16 99','3468 Purus Av.');
INSERT INTO "USER" VALUES(48,'Allegra','XEK65MEQ5GO',2,'Hedda Becker','en','et.magnis@justoeu.com','M','03 79 13 44 54','626 Lectus Avenue');
INSERT INTO "USER" VALUES(49,'Margaret','JCT36VHS4NM',1,'Remedios Olsen','en','metus.sit@lacus.net','F','04 21 63 49 33','7209 Magna. Road');
INSERT INTO "USER" VALUES(50,'Cassandra','YBZ95KTB4YY',2,'Cullen Pratt','en','Donec@massaSuspendisseeleifend.net','F','05 56 11 37 84','7655 Lobortis Ave');
INSERT INTO "USER" VALUES(51,'Amery','WQB82QFI6NN',1,'Jemima Acosta','en','senectus.et.netus@risusIn.ca','M','01 21 77 41 33','P.O. Box 396, 8972 Id, Street');
INSERT INTO "USER" VALUES(52,'Nevada','DCR76NMQ7SS',3,'Karleigh Case','en','diam.Sed.diam@doloregestasrhoncus.org','F','08 76 91 21 55','Ap #905-7964 Ridiculus Road');
INSERT INTO "USER" VALUES(53,'Dalton','OIV32EYM2SL',3,'Ava Sweeney','fr','accumsan.interdum@auctorvitaealiquet.org','M','04 07 17 10 13','5943 Mi Road');
INSERT INTO "USER" VALUES(54,'Bryar','HUE94DFJ1CC',1,'Eve Schroeder','fr','iaculis.quis@mauriserat.com','M','08 34 47 52 79','Ap #201-5686 Vulputate Ave');
INSERT INTO "USER" VALUES(55,'Moana','OJI76FAX8IC',2,'Keelie Thomas','fr','enim.consequat@sedpede.co.uk','M','05 73 66 90 26','226-2052 Cubilia Avenue');
INSERT INTO "USER" VALUES(56,'Xanthus','QXN74QDV8WS',3,'Flavia Pope','en','dis@afeugiat.ca','F','02 24 00 26 39','3879 Nullam Street');
INSERT INTO "USER" VALUES(57,'Abigail','SQX75JSZ2MU',3,'Caleb Rich','en','mus@aliquamarcu.org','F','05 57 98 00 49','P.O. Box 139, 6237 Justo Av.');
INSERT INTO "USER" VALUES(58,'Selma','QYW66NPU0FT',2,'Bruce Alvarez','fr','rutrum@velit.ca','F','07 18 16 56 80','3233 Mauris Avenue');
INSERT INTO "USER" VALUES(59,'Camden','CHY62MUO2SX',1,'Perry Edwards','fr','nec@dignissimmagnaa.net','M','08 83 74 58 63','6034 Cum St.');
INSERT INTO "USER" VALUES(60,'Dana','HOV27JDC5PZ',2,'Orli Abbott','en','aptent@ultricessit.edu','F','08 53 00 59 24','Ap #170-7913 Ut Street');
INSERT INTO "USER" VALUES(61,'Janna','MUX58GXU9BA',2,'Devin Rutledge','en','et@dui.com','F','02 72 29 36 40','464-7111 Consectetuer Avenue');
INSERT INTO "USER" VALUES(62,'Nola','VQC53XGS2ZH',1,'Cruz Fowler','fr','eu.sem@arcuetpede.edu','M','05 95 64 35 93','210-8650 Lacus Street');
INSERT INTO "USER" VALUES(63,'Bryar','ZFV45PIM0DW',3,'Berk Orr','en','interdum@dictumPhasellusin.org','F','01 40 59 38 11','Ap #336-7846 Ante Av.');
INSERT INTO "USER" VALUES(64,'Hayfa','ORB41VGA6FZ',2,'Amena Erickson','en','nisi@Nuncquisarcu.edu','M','07 84 90 60 19','P.O. Box 613, 8259 Vitae, Rd.');
INSERT INTO "USER" VALUES(65,'Damon','XFX18FCB9TE',3,'Quynn Stevens','en','risus.Nunc.ac@amet.ca','M','09 24 85 62 94','P.O. Box 150, 9671 Eleifend Rd.');
INSERT INTO "USER" VALUES(66,'Dolan','GWX89QSB4CX',3,'Cullen Slater','fr','Proin@Aliquamadipiscing.ca','M','08 49 87 06 90','Ap #338-3703 Phasellus St.');
INSERT INTO "USER" VALUES(67,'Ciaran','AUH04AQJ4LB',2,'Demetrius Sims','en','nulla.vulputate.dui@at.edu','F','03 67 33 22 62','Ap #542-7418 Eu Rd.');
INSERT INTO "USER" VALUES(68,'Keefe','EJD47QEO5RN',2,'Ori Branch','fr','Nullam.feugiat@ipsumnonarcu.net','F','06 15 63 76 75','P.O. Box 816, 8725 Cursus. Rd.');
INSERT INTO "USER" VALUES(69,'Wynter','RSP38TCF3SI',3,'Hyacinth Atkins','en','sapien.Nunc@ipsum.co.uk','M','02 53 37 64 34','P.O. Box 942, 3312 Proin Ave');
INSERT INTO "USER" VALUES(70,'Gemma','GUY68PIL4JJ',2,'Shannon Carney','fr','Proin@erat.org','F','06 55 87 33 33','P.O. Box 601, 3059 Mollis. Rd.');
INSERT INTO "USER" VALUES(71,'James','IOY48YKQ4CZ',1,'Colton Bridges','en','et.arcu.imperdiet@placerat.net','F','03 17 33 66 86','P.O. Box 592, 5784 Dolor Avenue');
INSERT INTO "USER" VALUES(72,'Fuller','RJQ19WYQ9XR',2,'Adele Eaton','fr','at.velit.Pellentesque@idsapienCras.com','M','02 65 48 84 00','Ap #900-7363 Pellentesque Rd.');
INSERT INTO "USER" VALUES(73,'Carla','PBI33RAX2OZ',2,'Camille Tyson','en','adipiscing.elit.Etiam@nec.org','F','04 50 80 70 10','264-5752 Aliquet. Av.');
INSERT INTO "USER" VALUES(74,'Maggie','MUH53OFK9CD',3,'Mohammad Collier','fr','cubilia@erat.com','F','05 26 12 47 29','P.O. Box 715, 3766 Arcu. Rd.');
INSERT INTO "USER" VALUES(75,'Levi','UMK46UGT2JP',1,'Ocean Rowland','fr','rutrum@anteMaecenas.co.uk','F','07 03 98 84 39','6514 Feugiat St.');
INSERT INTO "USER" VALUES(76,'Mallory','IQA42CSR1ZY',1,'Alan Strickland','en','dis.parturient.montes@elementumlorem.net','F','09 15 73 26 82','Ap #776-4166 Euismod St.');
INSERT INTO "USER" VALUES(77,'Graham','QCC88RVV0EL',2,'Callie Whitley','en','sem.magna@inlobortistellus.net','M','08 89 14 20 76','Ap #552-5730 Ipsum St.');
INSERT INTO "USER" VALUES(78,'Quincy','RUN46ERR7FJ',3,'Quinn Hardin','fr','nec.metus.facilisis@nequepellentesquemassa.net','M','04 20 01 90 61','338-194 Ac Avenue');
INSERT INTO "USER" VALUES(79,'Emerson','OJW94ILD3IZ',1,'Mallory Blanchard','fr','ut.nisi@egetmagna.org','F','04 39 75 12 30','P.O. Box 877, 8111 Donec Av.');
INSERT INTO "USER" VALUES(80,'Oprah','ASO21KTM0DV',3,'Jorden Shepherd','fr','lacus.Ut@pedesagittisaugue.org','F','04 00 63 57 37','Ap #508-9222 Elementum St.');
INSERT INTO "USER" VALUES(81,'Grady','XKQ06FVX2GV',2,'Felix Bird','fr','eget.odio@nec.ca','M','04 32 99 29 29','Ap #335-774 Cras Rd.');
INSERT INTO "USER" VALUES(82,'Byron','QLC72XRW2TP',3,'Ocean Justice','fr','sed@estcongue.co.uk','M','06 50 22 79 36','P.O. Box 154, 8999 Suspendisse Av.');
INSERT INTO "USER" VALUES(83,'Beatrice','TPU58THF1PE',2,'Alden Romero','en','lorem@fermentumarcuVestibulum.edu','F','05 46 00 56 92','P.O. Box 941, 8312 Et, Avenue');
INSERT INTO "USER" VALUES(84,'James','MFZ92OZV1KJ',3,'Wade Gordon','fr','dolor.vitae@facilisiSedneque.co.uk','F','05 60 49 67 33','122-9726 Cras Ave');
INSERT INTO "USER" VALUES(85,'Minerva','YSD11NNI4DL',1,'Howard Aguirre','fr','non.lobortis.quis@nibh.com','M','07 13 18 93 26','Ap #708-5976 Non, Av.');
INSERT INTO "USER" VALUES(86,'Dorothy','MBP91ADX0FK',1,'Connor Mcintosh','en','libero.dui@lobortisrisusIn.com','F','01 46 24 53 59','934-5412 Cras Avenue');
INSERT INTO "USER" VALUES(87,'Keiko','GVR92ZTJ2VI',3,'Brynne Mack','fr','id.nunc.interdum@nunc.ca','M','05 49 91 49 03','Ap #866-6529 Aliquet Ave');
INSERT INTO "USER" VALUES(88,'Perry','ECZ91TJL3OB',1,'Vincent Waters','en','malesuada.vel@nonfeugiat.com','F','06 96 65 99 81','Ap #765-7289 Molestie Rd.');
INSERT INTO "USER" VALUES(89,'Doris','LRU87ENU8RF',1,'Carlos Armstrong','fr','libero@erosNam.co.uk','F','04 01 67 02 73','5945 Pede St.');
INSERT INTO "USER" VALUES(90,'Blaze','JGR92RUQ9HI',2,'Yvette Browning','en','massa@Duiselementumdui.ca','M','06 46 22 51 03','9450 Iaculis Ave');
INSERT INTO "USER" VALUES(91,'Linda','EMN16KSH2RU',1,'Hope Castillo','en','auctor.ullamcorper.nisl@cursusnon.net','M','05 26 01 89 85','Ap #822-2420 Eu Avenue');
INSERT INTO "USER" VALUES(92,'Leandra','ISA33IZS9YG',2,'Yael Head','fr','sed.pede.nec@Cumsociis.co.uk','M','02 52 52 21 36','2036 Vel, Road');
INSERT INTO "USER" VALUES(93,'Veronica','TYK04WSS6RR',2,'Shoshana Reese','fr','eu.tellus@elitEtiam.ca','M','02 81 09 87 36','Ap #159-5414 Mi, Avenue');
INSERT INTO "USER" VALUES(94,'Keegan','LKF16OWF1FK',1,'Ivor Cook','fr','lacus.pede@libero.net','M','01 28 74 50 84','3571 Risus. Av.');
INSERT INTO "USER" VALUES(95,'Danielle','IKJ41FSM9PX',3,'Latifah Bell','fr','rhoncus@Fuscemilorem.edu','F','04 38 61 66 38','Ap #517-6262 Nec Ave');
INSERT INTO "USER" VALUES(96,'Aurelia','QVO77HMN1MQ',2,'Irma Finch','fr','varius.Nam.porttitor@eratvitaerisus.co.uk','F','09 95 85 34 09','P.O. Box 471, 2142 Dui Road');
INSERT INTO "USER" VALUES(97,'Dane','JHE66UMR4WO',3,'Kiona Pruitt','en','tortor.dictum.eu@telluslorem.com','F','02 35 09 69 34','2069 Nec, Rd.');
INSERT INTO "USER" VALUES(98,'Nelle','RXK01LWG5EY',3,'Brenna Crawford','en','ante@netusetmalesuada.edu','F','07 27 15 32 75','P.O. Box 150, 5230 Semper Rd.');
INSERT INTO "USER" VALUES(99,'Tyrone','SCH45ZTX5NR',1,'Jenette Larson','fr','diam.luctus.lobortis@musDonec.com','F','08 74 97 01 13','6142 Nisl. Street');
INSERT INTO "USER" VALUES(100,'Octavia','NZW55SDW9VK',1,'Eagan Guerra','en','aliquam.adipiscing.lacus@nullamagna.com','M','01 39 31 07 38','P.O. Box 977, 3063 Proin Avenue');
